﻿<?xml version="1.0"?>
<doc>
<assembly>
<name>
SAMuel
</name>
</assembly>
<members>
<member name="P:SAMuel.My.Resources.Resources.ResourceManager">
	<summary>
  Returns the cached ResourceManager instance used by this class.
</summary>
</member><member name="P:SAMuel.My.Resources.Resources.Culture">
	<summary>
  Overrides the current thread's CurrentUICulture property for all
  resource lookups using this strongly typed resource class.
</summary>
</member><member name="T:SAMuel.My.Resources.Resources">
	<summary>
  A strongly-typed resource class, for looking up localized strings, etc.
</summary>
</member><member name="M:SAMuel.KofaxModule.CreateXML(System.Collections.Generic.List{System.Collections.Generic.List{System.String}}@,System.String)">
	<summary>
 Creates an XML file which is read by Kofax Import Connector to create a batch
 </summary>
	<param name="docList">
 List of per document tiff files stored in another list
 </param>
</member><member name="M:SAMuel.ImageProcessing.CompressTiff(System.Drawing.Bitmap@,System.String)">
	<summary>
 Compresses, encodes and saves the image as a tiff
 </summary>
	<param name="myBitmap">Bitmap ByRef to be saved.</param>
	<param name="sSave">Directory and file name to save file as</param>
	<remarks>Reference http://msdn.microsoft.com/en-US/en-en/library/bb882583.aspx </remarks>
</member><member name="M:SAMuel.GlobalModule.LogAction(System.Int32,System.String)">
	<summary>
 Logs actions and events from within SAMuel
 </summary>
	<param name="actionCode">
 Optional action code to log a predefined event.
 </param>
	<param name="action">
 Optional description of the action.
 </param>
</member><member name="M:SAMuel.GlobalModule.InitOutputFolders">
	<summary>
 Creates the output folders used by SAMuel if they do not exist
 </summary>
</member><member name="M:SAMuel.GlobalModule.CheckFolder(System.String)">
	<summary>
 Creates a folder if the path does not exist
 </summary>
</member>
</members>
</doc>