﻿<?xml version="1.0"?>
<doc>
<assembly>
<name>
SAMuel
</name>
</assembly>
<members>
<member name="P:SAMuel.My.Resources.Resources.ResourceManager">
	<summary>
  Returns the cached ResourceManager instance used by this class.
</summary>
</member><member name="P:SAMuel.My.Resources.Resources.Culture">
	<summary>
  Overrides the current thread's CurrentUICulture property for all
  resource lookups using this strongly typed resource class.
</summary>
</member><member name="T:SAMuel.My.Resources.Resources">
	<summary>
  A strongly-typed resource class, for looking up localized strings, etc.
</summary>
</member><member name="M:SAMuel.KofaxModule.CreateXML(System.String[])">
	<summary>
 Creates an XML file which is read by Kofax Import Connector to create a batch
 </summary>
	<param name="fileList">
 Array of files to be added to the XML file
 </param>
</member><member name="M:SAMuel.GlobalModule.LogAction(System.Int32,System.String)">
	<summary>
 Logs actions and events from within SAMuel
 </summary>
	<param name="actionCode">
 Optional action code to log a predefined event.
 </param>
	<param name="action">
 Optional description of the action.
 </param>
</member>
</members>
</doc>