﻿<?xml version="1.0"?>
<doc>
<assembly>
<name>
SAMuel
</name>
</assembly>
<members>
<member name="P:SAMuel.My.Resources.Resources.ResourceManager">
	<summary>
  Returns the cached ResourceManager instance used by this class.
</summary>
</member><member name="P:SAMuel.My.Resources.Resources.Culture">
	<summary>
  Overrides the current thread's CurrentUICulture property for all
  resource lookups using this strongly typed resource class.
</summary>
</member><member name="P:SAMuel.My.Resources.Resources.Boston_gas_tank">
	<summary>
  Looks up a localized resource of type System.Drawing.Bitmap.
</summary>
</member><member name="P:SAMuel.My.Resources.Resources.ny_map_f">
	<summary>
  Looks up a localized resource of type System.Drawing.Bitmap.
</summary>
</member><member name="T:SAMuel.My.Resources.Resources">
	<summary>
  A strongly-typed resource class, for looking up localized strings, etc.
</summary>
</member><member name="M:SAMuel.KofaxModule.CreateXML(System.Collections.Generic.List{System.Collections.Generic.List{System.String}}@,System.String)">
	<summary>
 Creates an XML file which is read by Kofax Import Connector to create a batch
 </summary>
	<param name="docList">
 List of per document tiff files stored in another list
 </param>
</member><member name="M:SAMuel.SAM_File.HashFile(System.String)">
	<summary>
 Computes the MD5 hash value of a file and returns the hash as a 32-character, hexadecimal-formatted string.
 </summary>
	<param name="input"></param>
	<returns>Returns the hash as a 32-character, hexadecimal-formatted string. </returns>
	<remarks>http://msdn.microsoft.com/en-us/library/system.security.cryptography.md5.aspx</remarks>
</member><member name="M:SAMuel.Conversion.pdfToTiff(System.String,System.String)">
	<summary>
 Converts PDFs to multi-page tiffs
 </summary>
	<param name="inputPDF"></param>
	<param name="outputTiff"></param>
	<remarks></remarks>
</member><member name="M:SAMuel.Conversion.docToTiff(System.String,System.String,Microsoft.Office.Interop.Word.Application@)">
	<summary>
 Prints a word document to tiff using Microsoft Office Document Image Writer
 </summary>
	<param name="inputDoc">Word document to be converted.</param>
	<param name="outputTiff">Full path of the resulting tiff file.</param>
	<param name="wordApp">Reference to an active word application.</param>
	<remarks></remarks>
</member><member name="M:SAMuel.ImageProcessing.ResizeImage(System.Drawing.Bitmap@)">
	<summary>
 Resizes the image
 </summary>
	<param name="bm">
 Bitmap ByRef to be resized
 </param>
	<returns> MemoryStream of resized image</returns>
</member><member name="M:SAMuel.ImageProcessing.CompressTiff(System.Drawing.Bitmap@,System.String)">
	<summary>
 Compresses, encodes and saves the image as a tiff
 </summary>
	<param name="myBitmap">Bitmap ByRef to be saved.</param>
	<param name="sSave">Directory and file name to save file as</param>
	<remarks>Reference http://msdn.microsoft.com/en-US/en-en/library/bb882583.aspx </remarks>
</member><member name="M:SAMuel.ImageProcessing.Add_Watermark(System.Drawing.Bitmap@,System.String)">
	<summary>
 Adds a string watermark to the passed image
 </summary>
	<param name="myBitmap">Bitmap ByRef to add watermark to</param>
	<param name="accountNumber">String to be added as watermark</param>
	<returns></returns>
	<remarks></remarks>
</member><member name="M:SAMuel.ImageProcessing.MakeGrayscale(System.Drawing.Bitmap@)">
	<summary>
 Changes the image to grayscale using ColorMatrix
 </summary>
	<param name="myBitmap">Bitmap ByRef to be changed to gray scale</param>
	<remarks></remarks>
</member><member name="M:SAMuel.GlobalModule.LogAction(System.Int32,System.String)">
	<summary>
 Logs actions and events from within SAMuel
 </summary>
	<param name="actionCode">
 Optional action code to log a predefined event.
 0: Custom Log  1: Faxed file  2: Save Path Changed  3:Email Processed  50: Email Skipped  51: Unknown Filetype  98: SAM email error  99: Undesired state reached
 
 </param>
	<param name="action">
 Optional description of the action.
 </param>
</member><member name="M:SAMuel.GlobalModule.RegexAcc(System.String,System.String)">
	<summary>
 Calls regex.
 </summary>
	<param name="str">String to process.</param>
	<param name="format">Regex format as a string.</param>
	<returns>String of the found match or X if no match.</returns>
	<remarks></remarks>
</member><member name="M:SAMuel.GlobalModule.InitOutputFolders">
	<summary>
 Creates the output folders used by SAMuel if they do not exist
 </summary>
</member><member name="M:SAMuel.GlobalModule.CheckFolder(System.String)">
	<summary>
 Creates a folder if the path does not exist
 </summary>
</member><member name="M:SAMuel.GlobalModule.RandomString(System.Int32)">
	<summary>
 Generates a random string
 </summary>
	<param name="length"></param>
	<returns></returns>
	<remarks></remarks>
</member>
</members>
</doc>